{
    "model": "alexnet",
    "train_losses": [
        0.16805407737316228,
        0.04682037846417601,
        0.032803975419500774,
        0.026580150884790606,
        0.024819945603651777,
        0.021139168143478423,
        0.018188314675700975,
        0.016575563700093,
        0.014674190151344326,
        0.014878100505459116,
        0.012620471306825315,
        0.011381534550938188,
        0.010620077563875934,
        0.010150889449773097,
        0.009367889929763866,
        0.009253566029330423,
        0.008147906914666377,
        0.007865484615795061,
        0.007147352999338864,
        0.006667877894610034,
        0.005770356122875087,
        0.006574899074924017,
        0.0058823698929897986,
        0.004947080075739449,
        0.005160277255781073,
        0.005625837006797788,
        0.0041942779200776084,
        0.004705764387273724,
        0.004641360611828758,
        0.0037608763530846316,
        0.00421160252760229,
        0.004323271145850648,
        0.003513823789058357,
        0.003974228243286814,
        0.0033020712967871983,
        0.003504005944678419,
        0.0033745524935224636,
        0.003670261412759861,
        0.002633295457407178,
        0.002768495091450318,
        0.002939083028516396,
        0.0028636954784175372,
        0.0027850547436340427,
        0.003049751260781072,
        0.0025550394581428776,
        0.0023797342291024615,
        0.0027986452193461734,
        0.002618268690017035,
        0.002487169736140088,
        0.002867248544158052
    ],
    "test_accuracies": [
        98.76,
        98.97,
        99.21,
        99.27,
        99.38,
        99.39,
        99.47,
        99.44,
        99.47,
        99.38,
        99.41,
        99.42,
        99.51,
        99.47,
        99.49,
        99.49,
        99.47,
        99.58,
        99.48,
        99.52,
        99.5,
        99.5,
        99.58,
        99.52,
        99.45,
        99.54,
        99.52,
        99.57,
        99.55,
        99.57,
        99.58,
        99.52,
        99.6,
        99.59,
        99.56,
        99.47,
        99.47,
        99.56,
        99.57,
        99.57,
        99.53,
        99.55,
        99.53,
        99.6,
        99.52,
        99.56,
        99.56,
        99.55,
        99.45,
        99.52
    ],
    "epochs": [
        1,
        2,
        3,
        4,
        5,
        6,
        7,
        8,
        9,
        10,
        11,
        12,
        13,
        14,
        15,
        16,
        17,
        18,
        19,
        20,
        21,
        22,
        23,
        24,
        25,
        26,
        27,
        28,
        29,
        30,
        31,
        32,
        33,
        34,
        35,
        36,
        37,
        38,
        39,
        40,
        41,
        42,
        43,
        44,
        45,
        46,
        47,
        48,
        49,
        50
    ],
    "batch_size": 128,
    "learning_rate": 0.001,
    "momentum": 0.9,
    "weight_decay": 0.0005,
    "freeze_features": true
}