{
    "model": "resnet18",
    "train_losses": [
        0.21516463191492724,
        0.03659484575170952,
        0.02375786722913734,
        0.017696513521816653,
        0.01413784433565319,
        0.010899554338129456,
        0.008528153440837603,
        0.007192380639212107,
        0.00582540506568513,
        0.00507724654998805,
        0.004312307312975386,
        0.0038078446060355537,
        0.0032703969837364947,
        0.0028478700248996164,
        0.0026374470000949577,
        0.0023349714234594436,
        0.0020602123650125485,
        0.001933949097540718,
        0.0017624882145175166,
        0.0016277899804548906,
        0.0016062669969821122,
        0.0014937845738428428,
        0.0014124133968914448,
        0.0012788203062622675,
        0.0011914680595075321,
        0.0011357852859846525,
        0.0011378637723389394,
        0.0010847603811123875,
        0.001035764234883687,
        0.0009600400310895864,
        0.0008735037548082776,
        0.00087783386542855,
        0.000836782517247468,
        0.0008299212679944571,
        0.0008332388180961857,
        0.0008017241846889691,
        0.0008344360331417437,
        0.0007614590862923777,
        0.0007060935535504898,
        0.0006970241618368016,
        0.0006722030263376246,
        0.0006987772253242685,
        0.0006435917648074747,
        0.0006488986772364442,
        0.0006395482182587638,
        0.0006316619765595285,
        0.0006395099923321938,
        0.0006207553672292498,
        0.0006177828679526987,
        0.000599911183191797
    ],
    "test_accuracies": [
        99.01,
        99.34,
        99.36,
        99.5,
        99.47,
        99.48,
        99.54,
        99.51,
        99.48,
        99.51,
        99.55,
        99.49,
        99.51,
        99.51,
        99.51,
        99.51,
        99.57,
        99.54,
        99.5,
        99.54,
        99.56,
        99.52,
        99.54,
        99.56,
        99.58,
        99.53,
        99.5,
        99.56,
        99.52,
        99.56,
        99.55,
        99.55,
        99.55,
        99.52,
        99.55,
        99.55,
        99.53,
        99.58,
        99.56,
        99.55,
        99.56,
        99.55,
        99.57,
        99.55,
        99.58,
        99.54,
        99.56,
        99.56,
        99.6,
        99.55
    ],
    "epochs": [
        1,
        2,
        3,
        4,
        5,
        6,
        7,
        8,
        9,
        10,
        11,
        12,
        13,
        14,
        15,
        16,
        17,
        18,
        19,
        20,
        21,
        22,
        23,
        24,
        25,
        26,
        27,
        28,
        29,
        30,
        31,
        32,
        33,
        34,
        35,
        36,
        37,
        38,
        39,
        40,
        41,
        42,
        43,
        44,
        45,
        46,
        47,
        48,
        49,
        50
    ],
    "batch_size": 128,
    "learning_rate": 0.001,
    "momentum": 0.9,
    "weight_decay": 0.0005,
    "freeze_features": true
}