{
    "model": "vgg16",
    "train_losses": [
        0.1857150564891602,
        0.03191900641711028,
        0.022268650692893563,
        0.016765100175146458,
        0.013430109542637155,
        0.010879141519990202,
        0.007897388165821815,
        0.006908670005530416,
        0.005862803746157312,
        0.005240795170998266,
        0.004240674235361614,
        0.0038201952602457145,
        0.0028380490584958584,
        0.0029981674379426417,
        0.001901729021089672,
        0.0024686241297976227,
        0.0018433762534148042,
        0.0021896596990768217,
        0.0020941245692355803,
        0.001111528560543509,
        0.0012072028060960843,
        0.001165656586286003,
        0.0015675924120913706,
        0.0008102162685816105,
        0.0009145339684365453,
        0.0012651821665013155,
        0.0011173832835096491,
        0.0008069114674614879,
        0.00039013545464002317,
        0.000598494930118938,
        0.00047395631909789707,
        0.0005348553467943428,
        0.00043641210296702315,
        0.00046211274967451966,
        0.0006726078539536294,
        0.0004418157256505767,
        0.0004962067863691024,
        0.00045958571489728063,
        0.0003129043461988829,
        0.00023483037600018858,
        0.0006072428167261029,
        0.0005773990953188718,
        0.0002674888279492102,
        0.0003489260747657673,
        0.0003970574188126779,
        0.00042082361472342203,
        0.00026760626332255255,
        0.00029641246181266094,
        0.00040937824490153786,
        0.00038646951654204705
    ],
    "test_accuracies": [
        99.12,
        99.16,
        99.46,
        99.41,
        99.33,
        99.5,
        99.5,
        99.43,
        99.52,
        99.46,
        99.5,
        99.53,
        99.59,
        99.54,
        99.56,
        99.58,
        99.55,
        99.49,
        99.49,
        99.48,
        99.55,
        99.56,
        99.55,
        99.5,
        99.42,
        99.53,
        99.55,
        99.57,
        99.5,
        99.55,
        99.6,
        99.6,
        99.55,
        99.5,
        99.58,
        99.62,
        99.54,
        99.53,
        99.52,
        99.5,
        99.59,
        99.52,
        99.55,
        99.56,
        99.55,
        99.49,
        99.56,
        99.52,
        99.52,
        99.56
    ],
    "epochs": [
        1,
        2,
        3,
        4,
        5,
        6,
        7,
        8,
        9,
        10,
        11,
        12,
        13,
        14,
        15,
        16,
        17,
        18,
        19,
        20,
        21,
        22,
        23,
        24,
        25,
        26,
        27,
        28,
        29,
        30,
        31,
        32,
        33,
        34,
        35,
        36,
        37,
        38,
        39,
        40,
        41,
        42,
        43,
        44,
        45,
        46,
        47,
        48,
        49,
        50
    ],
    "batch_size": 128,
    "learning_rate": 0.001,
    "momentum": 0.9,
    "weight_decay": 0.0005,
    "freeze_features": true
}